{
	"forge_marker": 1,
	"defaults": {
		"model": "minecraft:cube_all",
		"transform": "forge:default-block"
	},
	"variants": {
		"normal": [{}],
		"inventory": [{}],
		"variant": {
			"autunite": {
				"textures": {
					"all": "geolosys:blocks/autunite"
				}
			},
			"autunite_ctm": {
				"textures": {
					"all": "geolosys:blocks/autunite_ctm"
				}
			},
			"hematite": {
				"textures": {
					"all": "geolosys:blocks/hematite"
				}
			},
			"limonite": {
				"textures": {
					"all": "geolosys:blocks/limonite"
				}
			},
			"malachite": {
				"textures": {
					"all": "geolosys:blocks/malachite"
				}
			},
			"azurite": {
				"textures": {
					"all": "geolosys:blocks/azurite"
				}
			},
			"cassiterite": {
				"textures": {
					"all": "geolosys:blocks/cassiterite"
				}
			},
			"teallite": {
				"textures": {
					"all": "geolosys:blocks/teallite"
				}
			},
			"galena": {
				"textures": {
					"all": "geolosys:blocks/galena"
				}
			},
			"bauxite": {
				"textures": {
					"all": "geolosys:blocks/bauxite"
				}
			},
			"platinum": {
				"textures": {
					"all": "geolosys:blocks/platinum"
				}
			}
		}
	}
}